time,close,probability,cash,equity,in_position
2025-03-26,220.5686798095703,0.5662936959855487,10000.0,10000.0,0
2025-03-27,222.8786163330078,0.5330990198640834,8000.0,9994.013970061875,1
2025-03-28,216.9544219970703,0.5822535195866992,8000.0,9941.012356620544,1
2025-03-31,221.1660614013672,0.4817753026383982,8000.0,9978.692363555274,1
2025-04-01,222.22146606445312,0.5204377680512522,8000.0,9988.13468546523,1
2025-04-02,222.91842651367188,0.5079845771490714,8000.0,9994.370137278365,1
2025-04-03,202.30825805664065,0.513394812382191,9804.552135927694,9804.552135927694,0
2025-04-04,187.56253051757807,0.5597296092067413,9804.552135927694,9804.552135927694,0
2025-04-07,180.6725616455078,0.5818304806375719,7843.641708742155,9798.683101666136,1
2025-04-08,171.6717987060547,0.608732502756681,7843.641708742155,9701.286662747794,1
2025-04-09,197.98709106445312,0.49726157889746675,7843.641708742155,9986.04205315682,1
2025-04-10,189.5936584472656,0.5166389314700918,7843.641708742155,9895.217480538446,1
2025-04-11,197.2901306152344,0.40532839259221143,9972.100001308587,9972.100001308587,0
2025-04-14,201.6411590576172,0.3668840070097749,9972.100001308587,9972.100001308587,0
2025-04-15,201.2628173828125,0.4016753201128688,9972.100001308587,9972.100001308587,0
2025-04-16,193.4269561767578,0.40405160520487715,9972.100001308587,9972.100001308587,0
2025-04-17,196.1251983642578,0.3766011172249516,9972.100001308587,9972.100001308587,0
2025-04-21,192.32177734375,0.5277256397518056,9972.100001308587,9972.100001308587,0
2025-04-22,198.87322998046875,0.4836944254800816,9972.100001308587,9972.100001308587,0
2025-04-23,203.71214294433597,0.36237597180165887,9972.100001308587,9972.100001308587,0
2025-04-24,207.46575927734372,0.4522071440623162,9972.100001308587,9972.100001308587,0
2025-04-25,208.371826171875,0.4816739575948456,9972.100001308587,9972.100001308587,0
2025-04-28,209.2281036376953,0.5562597085086974,9972.100001308587,9972.100001308587,0
2025-04-29,210.29347229003903,0.5170240267914555,7977.68000104687,9966.130672393205,1
2025-04-30,211.57785034179688,0.5052585654182521,7977.68000104687,9978.275235757294,1
2025-05-01,212.39431762695312,0.4731781586254989,7977.68000104687,9985.99542271137,1
2025-05-02,204.4588928222656,0.43914212706470407,9905.165253565201,9905.165253565201,0
2025-05-05,198.02691650390625,0.551268691634238,9905.165253565201,9905.165253565201,0
2025-05-06,197.6485595703125,0.5451866521976846,7924.132202852161,9899.235991990208,1
2025-05-07,195.39837646484372,0.5684722134775366,7924.132202852161,9876.749892483449,1
2025-05-08,196.63299560546875,0.45523981951612286,7924.132202852161,9889.087452383163,1
2025-05-09,197.66848754882807,0.5261406877788851,7924.132202852161,9899.43513245428,1
2025-05-12,210.1504821777344,0.4911287820578471,7924.132202852161,10024.167814246395,1
2025-05-13,212.28399658203125,0.5179706899029248,10039.128217592213,10039.128217592213,0
2025-05-14,211.68582153320312,0.5257881727235534,10039.128217592213,10039.128217592213,0
2025-05-15,210.8085021972656,0.5298111758413923,10039.128217592213,10039.128217592213,0
2025-05-16,210.61907958984372,0.486922640417091,10039.128217592213,10039.128217592213,0
2025-05-19,208.14659118652344,0.5024772580360021,10039.128217592213,10039.128217592213,0
2025-05-20,206.232421875,0.487256570593138,10039.128217592213,10039.128217592213,0
2025-05-21,201.47689819335935,0.6085221911238913,10039.128217592213,10039.128217592213,0
2025-05-22,200.7491149902344,0.6461939864228889,8031.30257407377,10033.118765385894,1
2025-05-23,194.6775665283203,0.5709846239975511,8031.30257407377,9972.574916821544,1
2025-05-27,199.60260009765625,0.5266771524714322,8031.30257407377,10021.686027186002,1
2025-05-28,199.8119659423828,0.46682578484373255,8031.30257407377,10023.773767089124,1
2025-05-29,199.34336853027344,0.43930349898824433,10013.14161990596,10013.14161990596,0
2025-05-30,200.24066162109372,0.40396309374902184,10013.14161990596,10013.14161990596,0
2025-06-02,201.08807373046875,0.5393159521244771,10013.14161990596,10013.14161990596,0
2025-06-03,202.6533203125,0.4779387222520201,10013.14161990596,10013.14161990596,0
2025-06-04,202.2046813964844,0.4665415475206023,10013.14161990596,10013.14161990596,0
2025-06-05,200.0213165283203,0.5568911960626296,10013.14161990596,10013.14161990596,0
2025-06-06,203.30133056640625,0.55608615785694,8010.5132959247685,10007.147723354816,1
2025-06-09,200.8388214111328,0.555656743897921,8010.5132959247685,9982.963274863592,1
2025-06-10,202.0551300048828,0.5457595620964502,8010.5132959247685,9994.908713714849,1
2025-06-11,198.1769256591797,0.49737384351852615,8010.5132959247685,9956.820638778663,1
2025-06-12,198.5956573486328,0.5153447788261608,8010.5132959247685,9960.933027540157,1
2025-06-13,195.85400390625,0.5381019064265508,9928.240452062268,9928.240452062268,0
2025-06-16,197.81802368164065,0.4618218745796643,9928.240452062268,9928.240452062268,0
2025-06-17,195.0464630126953,0.5483246283617673,9928.240452062268,9928.240452062268,0
2025-06-18,195.9835968017578,0.43787420824581386,9928.240452062268,9928.240452062268,0
2025-06-20,200.3902130126953,0.5642165368092688,9928.240452062268,9928.240452062268,0
2025-06-23,200.888671875,0.6067532577888389,7942.592361649814,9922.297377604373,1
2025-06-24,199.6923065185547,0.5725828580121818,7942.592361649814,9910.50751173009,1
2025-06-25,200.948486328125,0.5482307835458422,7942.592361649814,9922.886833305249,1
2025-06-26,200.3902130126953,0.5620224373882124,7942.592361649814,9917.385196639954,1
2025-06-27,200.469970703125,0.5563339954037603,7942.592361649814,9918.171187698239,1
2025-06-30,204.5475311279297,0.4746773099119009,9952.311218239796,9952.311218239796,0
2025-07-01,207.18951416015625,0.47202869288079397,9952.311218239796,9952.311218239796,0
2025-07-02,211.7954864501953,0.5279090108413398,9952.311218239796,9952.311218239796,0
2025-07-03,212.9021148681641,0.5421571645365075,9952.311218239796,9952.311218239796,0
2025-07-07,209.31304931640625,0.4153219623087276,9952.311218239796,9952.311218239796,0
2025-07-08,209.3728485107422,0.48782072159523704,9952.311218239796,9952.311218239796,0
2025-07-09,210.4994354248047,0.5070369607225491,9952.311218239796,9952.311218239796,0
2025-07-10,211.7655792236328,0.4963595078144501,9952.311218239796,9952.311218239796,0
2025-07-11,210.51937866210935,0.45980922571745764,9952.311218239796,9952.311218239796,0
2025-07-14,207.987060546875,0.4470117327209968,9952.311218239796,9952.311218239796,0
2025-07-15,208.4755859375,0.5092259278423279,9952.311218239796,9952.311218239796,0
2025-07-16,209.52239990234372,0.5635865993466719,9952.311218239796,9952.311218239796,0
2025-07-17,209.38282775878903,0.40646755628306563,9940.404189677653,9940.404189677653,0
2025-07-18,210.539306640625,0.4539857023500886,9940.404189677653,9940.404189677653,0
2025-07-21,211.8353576660156,0.5949996656484533,9940.404189677653,9940.404189677653,0
2025-07-22,213.74952697753903,0.6355687668095233,7952.323351742122,9934.453833970005,1
2025-07-23,213.5002899169922,0.5724656049199058,7952.323351742122,9932.142622422563,1
2025-07-24,213.11148071289065,0.585366987502526,7952.323351742122,9928.537138068432,1
2025-07-25,213.23110961914065,0.54020013708898,7952.323351742122,9929.646474332172,1
2025-07-28,213.40061950683597,0.5359606085693379,7952.323351742122,9931.218364198741,1
2025-07-29,210.6290435791016,0.4691130986945355,9899.661462154478,9899.661462154478,0
2025-07-30,208.4157867431641,0.34304532999259,9899.661462154478,9899.661462154478,0
2025-07-31,206.9402618408203,0.304424713102012,9899.661462154478,9899.661462154478,0
2025-08-01,201.76600646972656,0.6153586761570152,9899.661462154478,9899.661462154478,0
2025-08-04,202.7330780029297,0.5645905960739017,7919.729169723582,9893.735495165502,1
2025-08-05,202.3043670654297,0.5185501738722944,7919.729169723582,9889.561148725603,1
2025-08-06,212.60302734375,0.44361245391280374,9983.632727561859,9983.632727561859,0
2025-08-07,219.36245727539065,0.5511760429614263,9983.632727561859,9983.632727561859,0
2025-08-08,228.6541748046875,0.455579752556865,7986.906182049487,9977.656495122015,1
2025-08-11,226.747802734375,0.4978545068657071,7986.906182049487,9961.05889396713,1
2025-08-12,229.21310424804688,0.49465749819428484,7986.906182049487,9982.522747685754,1
2025-08-13,232.88612365722656,0.32496967963422096,10008.422722655856,10008.422722655856,0
2025-08-14,232.337158203125,0.3337093267305283,10008.422722655856,10008.422722655856,0
2025-08-15,231.1494140625,0.37427558963225116,10008.422722655856,10008.422722655856,0
2025-08-18,230.4507598876953,0.40423860402332656,10008.422722655856,10008.422722655856,0
2025-08-19,230.1213836669922,0.38655246433021506,10008.422722655856,10008.422722655856,0
2025-08-20,225.5800323486328,0.4969831036343381,10008.422722655856,10008.422722655856,0
2025-08-21,224.4721527099609,0.5025907147424825,10008.422722655856,10008.422722655856,0
2025-08-22,227.3267059326172,0.4448255442590182,10008.422722655856,10008.422722655856,0
2025-08-25,226.72784423828125,0.3896290511327559,10008.422722655856,10008.422722655856,0
2025-08-26,228.87376403808597,0.5443410376219703,10008.422722655856,10008.422722655856,0
2025-08-27,230.0515289306641,0.5567450562091619,10008.422722655856,10008.422722655856,0
2025-08-28,232.1175842285156,0.5933800577090935,8006.738178124685,10002.431650850733,1
2025-08-29,231.6983795166016,0.5409818939447356,8006.738178124685,9998.827425388525,1
2025-09-02,229.28298950195312,0.4693722751212738,8006.738178124685,9978.060458929076,1
2025-09-03,238.01634216308597,0.4887421837102037,8006.738178124685,10053.147811568757,1
2025-09-04,239.32383728027344,0.5356834679397915,8006.738178124685,10064.389353133412,1
2025-09-05,239.2340087890625,0.4821149308101355,10057.450505683268,10057.450505683268,0
2025-09-08,237.42745971679688,0.43495620096335263,10057.450505683268,10057.450505683268,0
2025-09-09,233.9041748046875,0.43056904932507306,10057.450505683268,10057.450505683268,0
2025-09-10,226.35855102539065,0.4085644219864456,10057.450505683268,10057.450505683268,0
2025-09-11,229.59239196777344,0.379389901049608,10057.450505683268,10057.450505683268,0
2025-09-12,233.6247100830078,0.4066323911620966,10057.450505683268,10057.450505683268,0
2025-09-15,236.24969482421875,0.48873506027965846,10057.450505683268,10057.450505683268,0
2025-09-16,237.6969451904297,0.44610009834902864,10057.450505683268,10057.450505683268,0
2025-09-17,238.5353546142578,0.49525901530315725,10057.450505683268,10057.450505683268,0
2025-09-18,237.42745971679688,0.4274175614986991,10057.450505683268,10057.450505683268,0
2025-09-19,245.032958984375,0.3842265428335151,10057.450505683268,10057.450505683268,0
2025-09-22,255.5928192138672,0.39324127147928406,10057.450505683268,10057.450505683268,0
2025-09-23,253.9459686279297,0.42979087899862606,10057.450505683268,10057.450505683268,0
2025-09-24,251.8300018310547,0.33325820811506546,10057.450505683268,10057.450505683268,0
2025-09-25,256.3813171386719,0.3191249747071796,10057.450505683268,10057.450505683268,0
2025-09-26,254.97401428222656,0.36142291290037415,10057.450505683268,10057.450505683268,0
2025-09-29,253.9459686279297,0.33425111228306686,10057.450505683268,10057.450505683268,0
2025-09-30,254.1455993652344,0.3378605336260041,10057.450505683268,10057.450505683268,0
2025-10-01,254.9640350341797,0.33697112024445813,10057.450505683268,10057.450505683268,0
2025-10-02,256.6408386230469,0.34171118042939824,10057.450505683268,10057.450505683268,0
2025-10-03,257.5291442871094,0.32913211175122503,10057.450505683268,10057.450505683268,0
2025-10-06,256.20166015625,0.3751315837289035,10057.450505683268,10057.450505683268,0
2025-10-07,255.9920959472656,0.3783841346762165,10057.450505683268,10057.450505683268,0
2025-10-08,257.569091796875,0.3924667153301361,10057.450505683268,10057.450505683268,0
2025-10-09,253.55670166015625,0.2657435922175257,10057.450505683268,10057.450505683268,0
2025-10-10,244.80340576171875,0.19243579190286259,10057.450505683268,10057.450505683268,0
2025-10-13,247.18885803222656,0.14812598428008672,10057.450505683268,10057.450505683268,0
2025-10-14,247.29864501953125,0.14267460737385748,10057.450505683268,10057.450505683268,0
2025-10-15,248.86566162109372,0.15262957138560398,10057.450505683268,10057.450505683268,0
2025-10-16,246.9792633056641,0.13854595800153682,10057.450505683268,10057.450505683268,0
2025-10-17,251.81002807617188,0.32439954190059,10057.450505683268,10057.450505683268,0
2025-10-20,261.7411193847656,0.36097538743514196,10057.450505683268,10057.450505683268,0
2025-10-21,262.27008056640625,0.38795290924849435,10057.450505683268,10057.450505683268,0
2025-10-22,257.9583435058594,0.3091379470409049,10057.450505683268,10057.450505683268,0
2025-10-23,259.0861511230469,0.3346529442656678,10057.450505683268,10057.450505683268,0
2025-10-24,262.3200378417969,0.27276273160412257,10057.450505683268,10057.450505683268,0
2025-10-27,268.2986145019531,0.3929440398138241,10057.450505683268,10057.450505683268,0
2025-10-28,268.4882507324219,0.3927159247494995,10057.450505683268,10057.450505683268,0
2025-10-29,269.1869201660156,0.3619093943813862,10057.450505683268,10057.450505683268,0
2025-10-30,270.8836669921875,0.3765821245778431,10057.450505683268,10057.450505683268,0
2025-10-31,269.85565185546875,0.3079668321633834,10057.450505683268,10057.450505683268,0
2025-11-03,268.53814697265625,0.3631290349879148,10057.450505683268,10057.450505683268,0
2025-11-04,269.5262756347656,0.36574558791723394,10057.450505683268,10057.450505683268,0
2025-11-05,269.6260986328125,0.39193135422531916,10057.450505683268,10057.450505683268,0
2025-11-06,269.2567749023437,0.38877519834955326,10057.450505683268,10057.450505683268,0
2025-11-07,267.9592590332031,0.34691375877131975,10057.450505683268,10057.450505683268,0
2025-11-10,269.1781311035156,0.4482644904834709,10057.450505683268,10057.450505683268,0
2025-11-11,274.99267578125,0.4765068490980882,10057.450505683268,10057.450505683268,0
2025-11-12,273.21435546875,0.41182991737320923,10057.450505683268,10057.450505683268,0
2025-11-13,272.6948547363281,0.3792586820015266,10057.450505683268,10057.450505683268,0
2025-11-14,272.15533447265625,0.34375454686908385,10057.450505683268,10057.450505683268,0
2025-11-17,267.2099609375,0.20681554682749503,10057.450505683268,10057.450505683268,0
2025-11-18,267.19000244140625,0.1775068063204811,10057.450505683268,10057.450505683268,0
2025-11-19,268.3089294433594,0.21847340278257624,10057.450505683268,10057.450505683268,0
2025-11-20,266.0010986328125,0.15036748742676037,10057.450505683268,10057.450505683268,0
2025-11-21,271.2361755371094,0.32134932825807494,10057.450505683268,10057.450505683268,0
2025-11-24,275.6620788574219,0.34111364369276354,10057.450505683268,10057.450505683268,0
2025-11-25,276.7110900878906,0.39588885885347463,10057.450505683268,10057.450505683268,0
2025-11-26,277.29052734375,0.360688869409355,10057.450505683268,10057.450505683268,0
2025-11-28,278.5893249511719,0.35125487296861607,10057.450505683268,10057.450505683268,0
2025-12-01,282.8353576660156,0.3732366454972046,10057.450505683268,10057.450505683268,0
2025-12-02,285.9224548339844,0.4790305346475626,10057.450505683268,10057.450505683268,0
2025-12-03,283.8843688964844,0.3794041511872753,10057.450505683268,10057.450505683268,0
2025-12-04,280.4375915527344,0.2989246449090787,10057.450505683268,10057.450505683268,0
2025-12-05,278.5193786621094,0.2776323281781041,10057.450505683268,10057.450505683268,0
2025-12-08,277.6302185058594,0.24600530576577745,10057.450505683268,10057.450505683268,0
2025-12-09,276.9208679199219,0.2122280998272636,10057.450505683268,10057.450505683268,0
2025-12-10,278.5193786621094,0.26973757339827803,10057.450505683268,10057.450505683268,0
2025-12-11,277.77008056640625,0.23850804368948778,10057.450505683268,10057.450505683268,0
2025-12-12,278.0198669433594,0.23905580260142206,10057.450505683268,10057.450505683268,0
2025-12-15,273.8537292480469,0.2013866433687598,10057.450505683268,10057.450505683268,0
2025-12-16,274.353271484375,0.23908192954174107,10057.450505683268,10057.450505683268,0
2025-12-17,271.5858764648437,0.24208910371890302,10057.450505683268,10057.450505683268,0
2025-12-18,271.935546875,0.22492015100075552,10057.450505683268,10057.450505683268,0
2025-12-19,273.4141845703125,0.22548558147520348,10057.450505683268,10057.450505683268,0
2025-12-22,270.7166748046875,0.24513506390453174,10057.450505683268,10057.450505683268,0
2025-12-23,272.1053771972656,0.2450158312203331,10057.450505683268,10057.450505683268,0
2025-12-24,273.55401611328125,0.27572331350976637,10057.450505683268,10057.450505683268,0
2025-12-26,273.1444091796875,0.2973274773722368,10057.450505683268,10057.450505683268,0
2025-12-29,273.50408935546875,0.30511220238602527,10057.450505683268,10057.450505683268,0
2025-12-30,272.82470703125,0.4228830788739947,10057.450505683268,10057.450505683268,0
2025-12-31,271.6058349609375,0.38825743219496855,10057.450505683268,10057.450505683268,0
2026-01-02,270.75665283203125,0.3339025285261261,10057.450505683268,10057.450505683268,0
2026-01-05,267.0101623535156,0.2593030321835983,10057.450505683268,10057.450505683268,0
2026-01-06,262.1147155761719,0.27485235373887607,10057.450505683268,10057.450505683268,0
2026-01-07,260.08660888671875,0.2983325016766727,10057.450505683268,10057.450505683268,0
2026-01-08,258.7978515625,0.3251868223400515,10057.450505683268,10057.450505683268,0
2026-01-09,259.1275329589844,0.3389429572373416,10057.450505683268,10057.450505683268,0
2026-01-12,260.0067138671875,0.28748315505700267,10057.450505683268,10057.450505683268,0
2026-01-13,260.8059387207031,0.22757796088355728,10057.450505683268,10057.450505683268,0
2026-01-14,259.71697998046875,0.28802574336009545,10057.450505683268,10057.450505683268,0
2026-01-15,257.9685974121094,0.3042643485911759,10057.450505683268,10057.450505683268,0
2026-01-16,255.29112243652344,0.28092206102240747,10057.450505683268,10057.450505683268,0
2026-01-20,246.4693756103516,0.3386840334747364,10057.450505683268,10057.450505683268,0
2026-01-21,247.41848754882807,0.2968523298417894,10057.450505683268,10057.450505683268,0
2026-01-22,248.1178436279297,0.2815071009859036,10057.450505683268,10057.450505683268,0
2026-01-23,247.80812072753903,0.25039771119942594,10057.450505683268,10057.450505683268,0
2026-01-26,255.17123413085935,0.2748115212753195,10057.450505683268,10057.450505683268,0
2026-01-27,258.0285339355469,0.37082652714421016,10057.450505683268,10057.450505683268,0
2026-01-28,256.2002868652344,0.3136727074302277,10057.450505683268,10057.450505683268,0
2026-01-29,258.0385437011719,0.3372276616137466,10057.450505683268,10057.450505683268,0
2026-01-30,259.2374267578125,0.29164894642936945,10057.450505683268,10057.450505683268,0
2026-02-02,269.7575988769531,0.35760626540540197,10057.450505683268,10057.450505683268,0
2026-02-03,269.22808837890625,0.33104011028418134,10057.450505683268,10057.450505683268,0
2026-02-04,276.23150634765625,0.2880220038681134,10057.450505683268,10057.450505683268,0
2026-02-05,275.6520690917969,0.3218015260548842,10057.450505683268,10057.450505683268,0
2026-02-06,277.8599853515625,0.2897465453859834,10057.450505683268,10057.450505683268,0
2026-02-09,274.6199951171875,0.28076203590894266,10057.450505683268,10057.450505683268,0
2026-02-10,273.67999267578125,0.30803422013674,10057.450505683268,10057.450505683268,0
2026-02-11,275.5,0.318848322162996,10057.450505683268,10057.450505683268,0
2026-02-12,261.7300109863281,0.18745769944367913,10057.450505683268,10057.450505683268,0
2026-02-13,255.77999877929688,0.22750158412031102,10057.450505683268,10057.450505683268,0
2026-02-17,263.8800048828125,0.17862222566053146,10057.450505683268,10057.450505683268,0
2026-02-18,264.3500061035156,0.1982082886450453,10057.450505683268,10057.450505683268,0
2026-02-19,260.5799865722656,0.24613972407654564,10057.450505683268,10057.450505683268,0
2026-02-20,264.5799865722656,0.2691571530236397,10057.450505683268,10057.450505683268,0
2026-02-23,266.17999267578125,0.35568991393034555,10057.450505683268,10057.450505683268,0
2026-02-24,272.1400146484375,0.4061149502180254,10057.450505683268,10057.450505683268,0
2026-02-25,274.2300109863281,0.41234254695866424,10057.450505683268,10057.450505683268,0
2026-02-26,272.95001220703125,0.32584553354227175,10057.450505683268,10057.450505683268,0
2026-02-27,264.17999267578125,0.23838874809707297,10057.450505683268,10057.450505683268,0
2026-03-02,264.7200012207031,0.24246468129273102,10057.450505683268,10057.450505683268,0
2026-03-03,263.75,0.17388386202160416,10057.450505683268,10057.450505683268,0
2026-03-04,262.5199890136719,0.17225634312048196,10057.450505683268,10057.450505683268,0
2026-03-05,260.2900085449219,0.1778230988060865,10057.450505683268,10057.450505683268,0
2026-03-06,257.4599914550781,0.19272029752354228,10057.450505683268,10057.450505683268,0
2026-03-09,259.8800048828125,0.16975051858916015,10057.450505683268,10057.450505683268,0
2026-03-10,260.8299865722656,0.15739857449728742,10057.450505683268,10057.450505683268,0
2026-03-11,260.8099975585937,0.19753606719697514,10057.450505683268,10057.450505683268,0
2026-03-12,255.75999450683597,0.16656114840628852,10057.450505683268,10057.450505683268,0
2026-03-13,250.1199951171875,0.18884600588662176,10057.450505683268,10057.450505683268,0
2026-03-16,252.82000732421875,0.20119898917697146,10057.450505683268,10057.450505683268,0
2026-03-17,254.22999572753903,0.19634601560314424,10057.450505683268,10057.450505683268,0
2026-03-18,249.94000244140625,0.19619700133123594,10057.450505683268,10057.450505683268,0
2026-03-19,248.9600067138672,0.16647915899621513,10057.450505683268,10057.450505683268,0
2026-03-20,247.9900054931641,0.19300185192541783,10057.450505683268,10057.450505683268,0
2026-03-23,251.4900054931641,0.19857373342550869,10057.450505683268,10057.450505683268,0
2026-03-24,251.63999938964844,0.2079354940004243,10057.450505683268,10057.450505683268,0
2026-03-25,252.6199951171875,0.2760145106223366,10057.450505683268,10057.450505683268,0
2026-03-26,252.88999938964844,0.29739310246835454,10057.450505683268,10057.450505683268,0
